번호,광고제목,링크
1,YouTube,https://tvcf.co.kr/hot/youtube
2,크리에이티브,https://tvcf.co.kr/hot/creative
3,크리에이티브,https://tvcf.co.kr/hot/creative-print
4,TVCF Best,https://tvcf.co.kr/hot/best
5,크리에이티브,https://tvcf.co.kr/hot/creative
6,인기Top100,https://tvcf.co.kr/hot/popular
7,Youtube,https://tvcf.co.kr/hot/youtube
8,최근 본 작품,https://tvcf.co.kr/feed/recent
9,좋아한 작품,https://tvcf.co.kr/feed/favorite
10,나중에 볼 작품,https://tvcf.co.kr/feed/later
11,My 컬렉션,https://tvcf.co.kr/save/collections
12,FAQ/ 고객센터,https://tvcf.co.kr/helpdesk
13,공지/ 뉴스,https://tvcf.co.kr/notice
14,소비자 Choice,https://www.adconsumerreport.com/
15,눈에 띄는 국내 CF,https://tvcf.co.kr/hot/prominent
16,"아리수

[이럴水가] 아리땁다 아리수 - 30초",https://tvcf.co.kr/play/ai1989-1019198
17,"한솔

당연, 한솔이 하고있습니다",https://tvcf.co.kr/play/bi1933-1019993
18,"하리보 골드베렌

야구팬",https://tvcf.co.kr/play/bi1779-1019477
19,산토리 하이볼[산토리 하이볼] 박지훈의 집 편 풀버전,https://tvcf.co.kr/play/bi1712-1019371
20,여기어때올여름 대한민국을 사랑한 위인과 여행어때? (ft.이순신 장군) 15s,https://tvcf.co.kr/play/bi1892-1019389
21,교보생명교보생명 X 대한민국 축구 | 또 한 번의 팀플레이,https://tvcf.co.kr/play/ai1926-1019492
22,색다른 해외 CF,https://tvcf.co.kr/hot/prominent?country_code=1
23,"TESCO

Free Fruit & Veg For Schools",https://tvcf.co.kr/play/bi1692-1015569
24,"McDonald's

Bear With Me",https://tvcf.co.kr/play/bi1237-1015223
25,"Caesars Republic Lake Tahoe Hotel & Casino

Great Redirect",https://tvcf.co.kr/play/ai1248-1015224
26,Skittles  Skittles but they're soft.,https://tvcf.co.kr/play/ai1741-1015874
27,VELUX  The magic is here. Let it in.,https://tvcf.co.kr/play/ai2706-1015870
28,CheryChery Super Hybrid - Go Like Mo,https://tvcf.co.kr/play/bi1695-1015869
29,자꾸 보게되는 뮤직비디오,https://tvcf.co.kr/worked/music-video
30,"VIRAL

보이넥스트도어",https://tvcf.co.kr/play/bi1376-1019537
31,"Trailer

하츠투하츠",https://tvcf.co.kr/play/ai1342-1019434
32,"SUGAR HONEY ICE TEA

BABYMONSTER",https://tvcf.co.kr/play/bi1353-1019435
33,NO REASON윤산하,https://tvcf.co.kr/play/ai1787-1019178
34,LEMONADE (Marlon Hoffstadt Remix) 에스파,https://tvcf.co.kr/play/ai1382-1018938
35,LEMONADE에스파,https://tvcf.co.kr/play/bi1953-1018795
36,짧지만 여운이 남는 단편영상,https://tvcf.co.kr/worked/short-film
37,"Sam Arbor & Adam Ali

BABA",https://tvcf.co.kr/play/bi253-1019705
38,"James Adams

Holding Out",https://tvcf.co.kr/play/ai1625-1019662
39,"Matt Green

Happy Meat Horror Short Film",https://tvcf.co.kr/play/bi1599-1019459
40,Nick BeardsleeQueer Blue Sky,https://tvcf.co.kr/play/bi1877-1019187
41,Maggie BrillAll at Once,https://tvcf.co.kr/play/bi1372-1019137
42,Carl FirthThe Immortal,https://tvcf.co.kr/play/bi1494-1018949
43,오늘의 이미지 Pick,https://tvcf.co.kr/hot/prominent-print
44,"Duolingo

Speak Out Like Yourself",https://tvcf.co.kr/play/ai2802-1014380
45,"Badz For Her

Long-lasting fragrance",https://tvcf.co.kr/play/ai1181-1012118
46,"Haagen-Dazs

Can I Buy You a Pint",https://tvcf.co.kr/play/bi1295-1014329
47,Midia NinjaThe Dystopian World of Women,https://tvcf.co.kr/play/bi1115-1014311
48,SulaThe First Mustache,https://tvcf.co.kr/play/ai1146-1012114
49,Save the ChildrenGrave,https://tvcf.co.kr/play/ai2966-1012096
50,금주의 PRO 포트폴리오,https://tvcf.co.kr/portfolio
51,"PRO

러브앤드머니

Production Company",https://star.tvcf.co.kr/loveandmoney
52,"PRO

엘리엇

Editing",https://star.tvcf.co.kr/eliot
53,"PRO

원더월픽쳐스

Production Company",https://star.tvcf.co.kr/pic
54,PRO포스트매드맨Editing,https://star.tvcf.co.kr/madman
55,PRO매드업Agency,https://star.tvcf.co.kr/365C519060235
56,"PRO

이채연

Assistant Director",https://star.tvcf.co.kr/CY10244840210
57,"PRO

권혜진

Creative Director",https://star.tvcf.co.kr/ESPO21634BE56
58,메이플스토리,https://tvcf.co.kr/play/ai3208-1020620
59,"PRO

김서인

Copywriter",https://star.tvcf.co.kr/KSI715665B95E
60,메이플스토리,https://tvcf.co.kr/play/ai3208-1020620
61,PRO최예솔Copywriter,https://star.tvcf.co.kr/WANT19024E4B6
62,PRO이태연Art Director,https://star.tvcf.co.kr/LEET25030E21C
63,"[광고리뷰] 어른들은 누를 수 없는 초인종이 달린 이유
2026-06-17",https://tvcf.co.kr/story/11138?category=3
64,"[광고리뷰] 포카리스웨트, “파랑만장한 우리의 여름” 캠페인
2026-06-12",https://tvcf.co.kr/story/11137?category=3
65,"[제작후기] 지금.나를.재생, 박카스와 함께!
2026-06-12",https://tvcf.co.kr/story/11136?category=1
66,"[광고리뷰] 콜대원, 감기약 광고 형식의 패러다임을 바꾸다
2026-05-18",https://tvcf.co.kr/story/11134?category=3
67,"[광고리뷰] 정관장 화애락 “김성령의 갱년기 멘토링”
2026-05-13",https://tvcf.co.kr/story/11131?category=3
68,"[광고리뷰] 쌓일수록 힘이 되는 에너지, 에브리타임
2026-05-13",https://tvcf.co.kr/story/11130?category=3
69,"[스티비어워즈 한국대표부] 2026 국제비즈니스대상 최종출품마감 7월 16일까지 연기
2026-06-19",https://tvcf.co.kr/notice/6052
70,"[중앙일보] 차이커뮤니케이션, 대학생 AI 광고 공모전 개최
↗
2026-06-19",https://www.joongang.co.kr/article/25437562
71,"[이투데이] “배송도 따져보고 산다” CJ대한통운, `오네` 브랜드 캠페인 전개
↗
2026-06-19",https://www.etoday.co.kr/news/view/2594321
72,"[서울경제] 광고 속 홀란, 입에서 불뿜으며 中음료 꼴깍
↗
2026-06-19",https://www.sedaily.com/article/20056925?ref=naver
73,"[뉴시스] 취사병` 박지훈 `이것`이 달라졌다?…시청자도 몰랐던 AI 광고
↗
2026-06-19",https://www.edaily.co.kr/News/Read?newsId=03470246645483032&mediaCodeNo=257
74,"[뉴시스] ""흥미로운 캐릭터""…동국제약, AI 디지털 광고 강화
↗
2026-06-17",https://www.newsis.com/view/NISX20260612_0003667008
75,Pro 구독신청,https://tvcf.co.kr/subscribe
76,한국광고영상제작사협회 - KCU,http://www.koreacf.or.kr/
77,케이비에스엔 - KBSN,http://www.kbsn.co.kr/
78,현대 자동차,http://www.hyundai.com/
79,CJ제일제당,http://www.cj.co.kr/
80,에스에스지닷컴,http://www.ssg.com/
81,CJ E&M,http://www.cjenm.com/
82,LG생활건강,http://www.lghnh.com/
83,피알앤디컴퍼니,http://heydealer.co.kr/
84,대상웰라이프,https://www.wellife.co.kr/
85,한국언론진흥재단,http://www.kpf.or.kr/
86,SM C&C,https://www.smcultureandcontents.com/ko/main/main.asp
87,TBWA코리아,http://www.tbwakorea.com/
88,차이커뮤니케이션,https://www.artistchai.co.kr/
89,맥켄에릭슨-mccann,http://www.mccann.co.kr/
90,디렉터스컴퍼니,http://www.directorscompany.co.kr/
91,오길비코리아,https://www.ogilvy.co.kr/kr
92,메이트인디펜던스,http://www.matead.com/
93,타이타늄22,http://www.titanium22.co.kr/
94,하쿠호도제일,http://www.hakuhodocheil.co.kr/
95,BBDO코리아,http://www.bbdo.co.kr/
96,엘베스트 커뮤니케이션즈,http://www.lbest.com/
97,브랜드스톰마케팅앤커뮤니케이션그룹,http://www.bstormgroup.com/
98,애드파워씨엠씨,https://tvcf.co.kr/#
99,미쓰윤 - Miss Yoon,http://www.missyoon.com/
100,NCC AD - 엔씨씨애드,http://www.nccad.co.kr/
101,그레이월드와이드코리아,http://grey.com/korea
102,디메이트커뮤니케이션즈,http://www.facebook.com/dmatecomm/
103,포커스미디어코리아,https://www.focusmediakorea.com/
104,디지털트리니티,https://www.digitaltrinity.co.kr/about
105,휘닉스커뮤니케이션즈,http://www.pci.co.kr/
106,스튜디오빅배스,http://studiobigbass.com/landing.asp
107,이스터씨앤아이,http://www.easter.co.kr/
108,서비스플랜 코리아,http://www.serviceplan.co.kr/
109,SBS M&C,https://z.methodia.co.kr/
110,RUNLAB,http://www.runlab.co.kr/
111,딥다이브컴퍼니,http://deepdivecompany.co.kr/
112,아이디어스트림,http://www.ideastream.co.kr/
113,JTBC미디어컴,https://crefe.me/jtbcmediacomm
114,애드마이비지니스,https://crefe.me/09331615113ED
115,케이피알앤드어소시에이츠,http://www.kpr.co.kr/
116,머큐리프로젝트,https://www.mercuryproject.com/pages/kr/main.html#anchors1
117,더플랜에이치,https://crefe.me/332A62418B52F
118,드림인사이트,http://www.bydream.co.kr/
119,무브커뮤니케이션,https://movecom.kr/
120,오픈런 앤 코,http://openlearnand.co/
121,HB엔터테인먼트,http://hbentertainment.com/
122,PTKOREA,https://pt-korea.com/
123,뉴월드슈퍼마켓,http://newworldsupermarket.com/
124,플랜잇프로덕션,http://www.planit-production.com/
125,그리고 꿈꾸다,https://crefe.me/ANDDREAM
126,스페이스몬스터컨텐츠 - 모비딕,http://www.space-monster.com/
127,이월삼십일일,http://www.231day.com/
128,필름퍼플레인,https://star.tvcf.co.kr/PULPLERAIN
129,매스매스에이지,https://star.tvcf.co.kr/massmassage
130,매터스인류크,https://star.tvcf.co.kr/MATTERSINLIUKH
131,미스터로맨스,http://www.mrromance.co.kr/
132,뮤지엄컨텐츠,http://www.museumcontents.com/
133,이솝 비쥬얼텔러,https://star.tvcf.co.kr/aesopvt/shots
134,지구인살리기,http://earthlingsave.co.kr/
135,빅플레이어스,http://thebigpl.com/
136,오스카스튜디오,http://www.ohska.com/
137,디렉터스필름,https://star.tvcf.co.kr/directors
138,"다시,봄 프로덕션",https://star.tvcf.co.kr/respring-pro
139,파크 프로덕션,https://crefe.me/PARKPRODUCTION
140,앨리스퀘어 키위컴퍼니,http://alleysquare.co.kr/
141,케이트프로덕션,https://crefe.me/KATEFILM
142,오브젝티브엑스,http://www.objective-x.com/
143,서플러스 필름,https://studiosurplus.space/
144,원더월픽쳐스,http://www.wwonderwall.com/
145,슈퍼마켓크리에이티브,https://star.tvcf.co.kr/supermarket
146,고릴라프로덕션,http://www.gorillafilms.tv/
147,프로듀스드 바이 기억,https://crefe.me/PRODUCEDBY
148,토스트프로덕션,http://www.toast-production.com/kor/main/index.php
149,알로하프로젝트,https://crefe.me/ALOHAPROJECT
150,금요일여섯시,http://www.facebook.com/fri6pm
151,쓰리핑거 스튜디오,https://crefe.me/THREEFINGER
152,크리에이티브랙탱글,http://www.rec-tangle.co.kr/
153,매트 프로덕션,http://www.m-a-t.co.kr/
154,에이팀유니언,https://crefe.me/ATEAMUNION
155,모멘텀 프로덕션,https://crefe.me/MOMENTUM
156,신스틸러프로듀싱컴퍼니,https://crefe.me/SHINSTEALER
157,다크서클필름 프로덕션,https://star.tvcf.co.kr/DARKCIRCLE
158,스튜디오 윌슨,https://crefe.me/STUDIOWILSON
159,나이스프로덕션 NYS,http://www.nys-production.com/
160,스튜디오메카,http://studiomecca.co.kr/
161,딜리셔스랑고,http://deliciouslangor.com/
162,테드이미지웍스,http://www.tediw.co.kr/
163,스튜디오조커,https://crefe.me/JOKER
164,서울밤 픽쳐스,https://crefe.me/SEOULBOMB
165,컴파운드 콜렉티브,http://compound-c.com/
166,히어로 크리에이티브,https://crefe.me/HEROCREATIVE
167,베러 테이스트,http://www.better-taste.com/
168,트웬티포세븐,http://www.twentyfourseven.co.kr/
169,스튜디오파라노이드,https://crefe.me/PARANOID
170,스튜디오마일스톤,https://star.tvcf.co.kr/STUDIOMILESTONE
171,오프더레코드,http://www.instagram.com/otr.company/
172,다이나믹콩콩픽쳐스,https://crefe.me/DYKONGKONG
173,집업(ZIP-UP),http://www.zip-up.net/
174,로버 프로덕션,https://crefe.me/ROVER
175,미니마미디어,https://crefe.me/MINIMA-MEDIA
176,크리에이티브멋,http://creativemut.com/
177,blowup,http://www.studioblowup.net/
178,웅필름크리에이티브,http://woongfilm.com/
179,헬로우 유니언,https://crefe.me/HELLO-UNION
180,MDR Creative,https://crefe.me/MDR_CREATIVE
181,하이테이블 에디션,https://crefe.me/HIGHTABLE
182,리더스에이전시,https://www.ldsagency.co.kr/
183,템포러리 이터널,http://www.tpr-etn.com/
184,어드벤처프레임,http://www.adventure-f.com/
185,영인칭 필름즈,http://zpvfilms.co.kr/
186,237미디어,https://www.237media.co.kr/
187,뉴타입 필름 프로덕션,https://crefe.me/newtype
188,더블유티에프(WTF),https://crefe.me/WTF
189,디파이어커뮤니케이션,http://thedefier.co/
190,마이네임이즈,https://crefe.me/50829443D44B0
191,미디어앵글즈,http://mediaangles.co.kr/
192,오렌지클락.AI,https://crefe.me/F48328607E6A6
193,원니스코리아,https://oneness-korea.com/
194,제이케이브라더스,https://crefe.me/JKBROTHERS
195,크로마엔터테인먼트,https://www.kroma.co.kr/
196,크리에이티브 핏,https://crefe.me/FIT
197,키치프로젝트,https://www.instagram.com/kitschproject_videoshop/
198,킵어스위어드,http://www.keep-us-weird.com/
199,펀치라인필름,http://punchlinefilm.com/
200,프로덕션까치,https://crefe.me/56E88637A8E5D
201,WINNING HABIT,https://crefe.me/5DF460013D999
202,인썸니아프로덕션,https://crefe.me/INSOMNIA
203,더블루스튜디오,http://theblue-studio.com/
204,JBDo Studio,https://www.jbdo.studio/
205,자이언트스텝,http://www.giantstep.co.kr/
206,포스트매드맨,https://star.tvcf.co.kr/madman
207,포스트포나인스,https://star.tvcf.co.kr/post9999
208,레디엔터테인먼트,http://www.readymodel.com/
209,포스트아지트,http://www.postagit.com/
210,포스트테일러,http://www.posttailor.com/
211,스튜디오레논,http://lennon.co.kr/
212,안녕낯선사람뮤직앤사운드,https://crefe.me/HELLOSTRANGER
213,큐브엔터테인먼트,http://www.cubeent.co.kr/
214,post153,https://star.tvcf.co.kr/post153/shots
215,더포스트랩서울,http://www.thepostlabseoul.com/
216,노바스튜디오,https://crefe.me/MOVE_LAB
217,숲엔터테인먼트,http://www.msoopent.com/
218,트리니티팩토리,https://tvcf.co.kr/#
219,광크리에이티브,https://tvcf.co.kr/#
220,올인원엔터테인먼트,http://www.allinoneenter.com/
221,제이앤큐미디어,http://www.jnqmedia.com/
222,한국제약바이오협회,https://www.kpbma.or.kr/
223,메이드인엔터테인먼트,http://www.madeinplus.com/
224,도나 양 (DONNA YANG),https://crefe.me/donnayang
225,와이투미디어,http://www.y2sound.co.kr/
226,FAQ / 자주 묻는 질문,https://tvcf.co.kr/helpdesk
227,info@tvcf.co.kr,mailto:info@tvcf.co.kr
228,business@tvcf.co.kr,mailto:business@tvcf.co.kr
229,개인정보취급방침,https://tvcf.co.kr/helpdesk/member-privacy
230,최근 본 작품,https://tvcf.co.kr/feed/recent
231,My 컬렉션,https://tvcf.co.kr/save/collections
